{"THETA0": 6331.833333333329, "THETA1": -1129.807976212786}