{"THETA0": 6331.8333249275875, "THETA1": -1129.80797253817}