{
	"THETA0": 6331.833333233351,
	"THETA1": -1129.8079761625243
}